{
	"pools": [{
			"rolls": 2,
			"entries": [{
					"type": "item",
					"name": "minecraft:blaze_rod",
					"weight": 1,
					"functions": [{
							"function": "set_count",
							"count": {
								"min": 0,
								"max": 1
							}
						},
						{
							"function": "looting_enchant",
							"count": {
								"min": 0,
								"max": 1
							}
						}
					]
				},
				{
					"type": "item",
					"name": "minecraft:blaze_powder",
					"weight": 1,
					"functions": [{
							"function": "set_count",
							"count": {
								"min": 0,
								"max": 2
							}
						},
						{
							"function": "looting_enchant",
							"count": {
								"min": 0,
								"max": 2
							}
						},
						{
							"function": "set_nbt",
							"tag": "{display:{Name:\"{\\\"text\\\":\\\"Blaze Fireball\\\"}\"}}"
						}
					]
				}
			]
		},
		{
			"conditions": [{
					"condition": "killed_by_player"
				},
				{
					"condition": "random_chance_with_looting",
					"chance": 0.01,
					"looting_multiplier": 0.01
				}
			],
			"rolls": 1,
			"entries": [{
				"type": "item",
				"name": "minecraft:player_head",
				"weight": 1,
				"functions": [{
					"function": "set_nbt",
					"tag": "{display:{Name:\"{\\\"text\\\":\\\"Blaze Head\\\"}\"},SkullOwner:\"MHF_Blaze\"}"
				}]
			}]
		}
	]
}