{
	"pools": [{
			"rolls": 2,
			"entries": [{
					"type": "item",
					"name": "minecraft:blaze_powder",
					"weight": 10,
					"functions": [{
							"function": "set_count",
							"count": {
								"min": 3,
								"max": 8
							}
						},
						{
							"function": "set_nbt",
							"tag": "{display:{Name:\"{\\\"text\\\":\\\"Fire Elemental\\\",\\\"color\\\":\\\"yellow\\\",\\\"bold\\\":\\\"false\\\"}\",Lore:[\"Cast a trail of fire\",\" \",\"Casting Power I\",\"@ 1 Mana\"]},ench:[{id:0,lvl:1}],HideFlags:61,element:\"flame\",castPower:1b,hostileDrop:1b,dropper:\"snekion\"}"
						},
						{
							"function": "looting_enchant",
							"count": {
								"min": 0,
								"max": 2
							}
						}
					]
				},
				{
					"type": "item",
					"name": "minecraft:fire_charge",
					"weight": 10,
					"functions": [{
							"function": "set_count",
							"count": {
								"min": 0,
								"max": 2
							}
						},
						{
							"function": "looting_enchant",
							"count": {
								"min": 0,
								"max": 2
							}
						},
						{
							"function": "set_nbt",
							"tag": "{display:{Name:\"{\\\"text\\\":\\\"Rage Elemental\\\",\\\"color\\\":\\\"gold\\\",\\\"bold\\\":\\\"false\\\"}\",Lore:[\"Summon a fireball from thin air\",\" \",\"Casting Power I\",\"@ 1 Mana\"]},ench:[{id:20,lvl:1}],HideFlags:61,element:\"meteor\",castPower:1b,hostileDrop:1b,dropper:\"snekion\"}"
						}
					]
				},
				{
					"type": "item",
					"name": "minecraft:magma_cream",
					"weight": 1,
					"functions": [{
							"function": "set_count",
							"count": {
								"min": 0,
								"max": 1
							}
						},
						{
							"function": "looting_enchant",
							"count": {
								"min": 0,
								"max": 1
							}
						},
						{
							"function": "set_nbt",
							"tag": "{display:{Name:\"{\\\"text\\\":\\\"Blast Elemental\\\",\\\"color\\\":\\\"red\\\",\\\"bold\\\":\\\"false\\\"}\",Lore:[\"Conjure primed tnt\",\" \",\"Casting Power I\",\"@ 1 Mana\"]},ench:[{id:0,lvl:1}],HideFlags:61,element:\"ballfire\",castPower:1b,hostileDrop:1b,dropper:\"snekion\"}"
						}
					]
				}
			]
		},
		{
			"conditions": [{
					"condition": "killed_by_player"
				},
				{
					"condition": "random_chance_with_looting",
					"chance": 0.05,
					"looting_multiplier": 0.05
				}
			],
			"rolls": 1,
			"entries": [{
				"type": "item",
				"name": "minecraft:filled_map",
				"weight": 1,
				"functions": [{
					"function": "set_nbt",
					"tag": "{map:100,display:{Name:\"{\\\"text\\\":\\\"Ancient Scroll\\\",\\\"color\\\":\\\"gray\\\",\\\"bold\\\":\\\"true\\\"}\",Lore:[\"_-._._--._._-\",\" \",\"???\"]},ench:[{id:0,lvl:1}],HideFlags:61,scroll:\"blank\",hostileDrop:1b,dropper:\"snekion\"}"
				}]
			}]
		}
	]
}